<scene version="2.1.0">

<!-- Defaults, these can be set via the command line: -Darg=value -->


<!-- Camera and Rendering Parameters -->

	<integrator type="path" id="elm__0" name="elm__0">
		<integer name="max_depth" value="12"/>
	</integrator>

<!-- Materials -->

	<bsdf type="twosided" id="mat-itu_metal" name="mat-itu_metal">
		<bsdf type="principled" name="bsdf">
			<rgb value="0.800000 0.800000 0.800000" name="base_color"/>
			<float name="spec_tint" value="0.000000"/>
			<float name="spec_trans" value="0.000000"/>
			<float name="metallic" value="0.000000"/>
			<float name="anisotropic" value="0.000000"/>
			<float name="roughness" value="0.250000"/>
			<float name="sheen" value="0.000000"/>
			<float name="sheen_tint" value="0.500000"/>
			<float name="clearcoat" value="0.000000"/>
			<float name="clearcoat_gloss" value="0.000900"/>
			<float name="specular" value="0.500000"/>
		</bsdf>
	</bsdf>

<!-- Emitters -->


<!-- Shapes -->

	<shape type="ply" id="mesh-Icosphere" name="mesh-Icosphere">
		<string name="filename" value="meshes/Icosphere.ply"/>
		<boolean name="face_normals" value="true"/>
		<ref id="mat-itu_metal" name="bsdf"/>
	</shape>

<!-- Volumes -->

</scene>
